-- phpMyAdmin SQL Dump
-- version 5.2.1
-- https://www.phpmyadmin.net/
--
-- Host: 127.0.0.1
-- Waktu pembuatan: 28 Jul 2025 pada 15.38
-- Versi server: 10.4.28-MariaDB
-- Versi PHP: 8.2.4

SET SQL_MODE = "NO_AUTO_VALUE_ON_ZERO";
START TRANSACTION;
SET time_zone = "+00:00";


/*!40101 SET @OLD_CHARACTER_SET_CLIENT=@@CHARACTER_SET_CLIENT */;
/*!40101 SET @OLD_CHARACTER_SET_RESULTS=@@CHARACTER_SET_RESULTS */;
/*!40101 SET @OLD_COLLATION_CONNECTION=@@COLLATION_CONNECTION */;
/*!40101 SET NAMES utf8mb4 */;

--
-- Database: `db_cinebook`
--

-- --------------------------------------------------------

--
-- Struktur dari tabel `bookings`
--

CREATE TABLE `bookings` (
  `id` bigint(20) UNSIGNED NOT NULL,
  `user_id` bigint(20) UNSIGNED NOT NULL,
  `showtimes_id` bigint(20) UNSIGNED NOT NULL,
  `seats` longtext CHARACTER SET utf8mb4 COLLATE utf8mb4_bin NOT NULL CHECK (json_valid(`seats`)),
  `total_price` int(11) NOT NULL,
  `payment_status` varchar(191) NOT NULL DEFAULT 'pending',
  `booking_code` varchar(191) NOT NULL,
  `created_at` timestamp NULL DEFAULT NULL,
  `updated_at` timestamp NULL DEFAULT NULL
) ENGINE=InnoDB DEFAULT CHARSET=utf8mb4 COLLATE=utf8mb4_unicode_ci;

--
-- Dumping data untuk tabel `bookings`
--

INSERT INTO `bookings` (`id`, `user_id`, `showtimes_id`, `seats`, `total_price`, `payment_status`, `booking_code`, `created_at`, `updated_at`) VALUES
(1, 1, 1, '\"[1,2]\"', 80000, 'success', 'BK-6886494DA284C', '2025-07-27 08:44:13', '2025-07-28 00:48:18'),
(2, 1, 1, '\"[12]\"', 40000, 'pending', 'BK-688722EF7C20B', '2025-07-28 00:12:47', '2025-07-28 00:12:47'),
(3, 1, 1, '\"[5]\"', 50000, 'pending', 'BK-6887294F1B72A', '2025-07-28 00:39:59', '2025-07-28 00:39:59');

-- --------------------------------------------------------

--
-- Struktur dari tabel `failed_jobs`
--

CREATE TABLE `failed_jobs` (
  `id` bigint(20) UNSIGNED NOT NULL,
  `uuid` varchar(191) NOT NULL,
  `connection` text NOT NULL,
  `queue` text NOT NULL,
  `payload` longtext NOT NULL,
  `exception` longtext NOT NULL,
  `failed_at` timestamp NOT NULL DEFAULT current_timestamp()
) ENGINE=InnoDB DEFAULT CHARSET=utf8mb4 COLLATE=utf8mb4_unicode_ci;

-- --------------------------------------------------------

--
-- Struktur dari tabel `migrations`
--

CREATE TABLE `migrations` (
  `id` int(10) UNSIGNED NOT NULL,
  `migration` varchar(191) NOT NULL,
  `batch` int(11) NOT NULL
) ENGINE=InnoDB DEFAULT CHARSET=utf8mb4 COLLATE=utf8mb4_unicode_ci;

--
-- Dumping data untuk tabel `migrations`
--

INSERT INTO `migrations` (`id`, `migration`, `batch`) VALUES
(1, '2014_10_12_000000_create_users_table', 1),
(2, '2014_10_12_100000_create_password_reset_tokens_table', 1),
(3, '2019_08_19_000000_create_failed_jobs_table', 1),
(4, '2019_12_14_000001_create_personal_access_tokens_table', 1),
(5, '2025_02_02_060425_create_movies_table', 1),
(6, '2025_02_02_060747_create_theaters_table', 1),
(7, '2025_02_02_060815_create_showtimes_table', 1),
(8, '2025_02_02_060902_create_seats_table', 1),
(9, '2025_02_02_165806_create_bookings_table', 1),
(34, '2014_10_12_000000_create_users_table', 1),
(35, '2014_10_12_100000_create_password_reset_tokens_table', 1),
(36, '2019_08_19_000000_create_failed_jobs_table', 1),
(37, '2019_12_14_000001_create_personal_access_tokens_table', 1),
(38, '2025_02_02_060425_create_movies_table', 1),
(39, '2025_02_02_060747_create_theaters_table', 1),
(40, '2025_02_02_060815_create_showtimes_table', 1),
(41, '2025_02_02_060902_create_seats_table', 1),
(42, '2025_02_02_165806_create_bookings_table', 1),
(43, '2025_07_27_140606_add_midtrans_fields_to_bookings_table', 2),
(44, '2025_07_27_151628_create_booking_table', 3),
(45, '2025_07_27_153129_create_payments_table', 4);

-- --------------------------------------------------------

--
-- Struktur dari tabel `movies`
--

CREATE TABLE `movies` (
  `id` bigint(20) UNSIGNED NOT NULL,
  `judul` varchar(191) NOT NULL,
  `genre` varchar(191) NOT NULL,
  `durasi` varchar(191) NOT NULL,
  `rating` varchar(191) NOT NULL,
  `usia` varchar(191) NOT NULL,
  `harga` varchar(191) NOT NULL,
  `poster` text NOT NULL,
  `created_at` timestamp NULL DEFAULT NULL,
  `updated_at` timestamp NULL DEFAULT NULL
) ENGINE=InnoDB DEFAULT CHARSET=utf8mb4 COLLATE=utf8mb4_unicode_ci;

--
-- Dumping data untuk tabel `movies`
--

INSERT INTO `movies` (`id`, `judul`, `genre`, `durasi`, `rating`, `usia`, `harga`, `poster`, `created_at`, `updated_at`) VALUES
(1, 'Mencuri Raden Saleh', 'Action', '2h 34m', '7.3/10', '13+', '50000', 'posters/ZnbTK9Y4ZPc8fjXvziOhEijdkdSw4xhoUtJfjmHz.png', '2025-07-20 22:19:10', '2025-07-20 22:19:10'),
(2, 'Laskar Pelangi', 'Adventure', '2h 4m', '7.9/10', 'Semua Kalangan', '50000', 'posters/JEF8RA8PoGwSweperGuQrFrEXgWiaIDeuhM35WID.png', '2025-07-20 22:21:17', '2025-07-20 22:21:17'),
(3, 'Keluarga Cemara', 'Drama', '1h 50m', '7.7/10', '13+', '50000', 'posters/zuXlQmUp022d6s7YFqbv5EYqzfhWnmvoyy9b8M23.png', '2025-07-20 22:41:41', '2025-07-20 22:41:41'),
(4, 'Ancika 1995', 'Romance', '1h 40m', '6.8/10', '13+', '50000', 'posters/Mf8R6Ac2RrVX6RhgMFgQxcVKfCejGXRpSrkHtn9V.png', '2025-07-20 22:22:30', '2025-07-20 22:22:30'),
(5, 'Bila Esok Ibu Tiada', 'Drama', '1h 45m', '6.5/10', '13+', '50000', 'posters/mjBFG2Ryc3IG96Tr9G6YpnWKa8A7CxBRKZjtdiKB.png', '2025-07-20 22:23:22', '2025-07-20 22:23:22'),
(6, 'Bolehkah Sekali Saja Kumenangis', 'Drama', '1h 41m', '7.8/10', '17+', '50000', 'posters/cC6A44lMpnSF5sRJRvc1rSax0t2x4odAxRZEBR5k.png', '2025-07-20 22:24:21', '2025-07-20 22:24:21'),
(7, 'Hutang Nyawa', 'Horor', '1h 40m', '6.6/10', '17+', '50000', 'posters/npjttXnjw71T9t6clT1J47fx3pCvzzIi1GV7J7un.png', '2025-07-20 22:39:22', '2025-07-20 22:39:22'),
(8, 'Train To Busan', 'Action', '1h 58m', '7.6/10', '17+', '50000', 'posters/XOWmSqNpkeWWEU9A2nhbLYdLEsZa7sHyYVoESOPv.png', '2025-07-20 22:39:57', '2025-07-20 22:39:57'),
(9, 'Home Alone', 'Comedy', '1h 43m', '7.7/10', '13+', '50000', 'posters/JQZ7M2IPYtT44rXipQcEmnNKOaUBOR6xst0QHYkK.png', '2025-07-20 22:40:37', '2025-07-20 22:40:37'),
(10, 'SPIDER-MAN No Way Home', 'Action', '2h 28m', '8.2/10', '13+', '50000', 'posters/mlJUKDXEI5mJGiATGHybVTOCbYNpV0INZtehMfU2.png', '2025-07-20 22:41:06', '2025-07-20 22:41:06');

-- --------------------------------------------------------

--
-- Struktur dari tabel `password_reset_tokens`
--

CREATE TABLE `password_reset_tokens` (
  `email` varchar(191) NOT NULL,
  `token` varchar(191) NOT NULL,
  `created_at` timestamp NULL DEFAULT NULL
) ENGINE=InnoDB DEFAULT CHARSET=utf8mb4 COLLATE=utf8mb4_unicode_ci;

-- --------------------------------------------------------

--
-- Struktur dari tabel `payments`
--

CREATE TABLE `payments` (
  `id` bigint(20) UNSIGNED NOT NULL,
  `booking_id` bigint(20) UNSIGNED NOT NULL,
  `order_id` varchar(191) NOT NULL,
  `gross_amount` int(11) NOT NULL,
  `snap_token` varchar(191) DEFAULT NULL,
  `transaction_status` varchar(191) NOT NULL DEFAULT 'pending',
  `created_at` timestamp NULL DEFAULT NULL,
  `updated_at` timestamp NULL DEFAULT NULL
) ENGINE=InnoDB DEFAULT CHARSET=utf8mb4 COLLATE=utf8mb4_unicode_ci;

-- --------------------------------------------------------

--
-- Struktur dari tabel `personal_access_tokens`
--

CREATE TABLE `personal_access_tokens` (
  `id` bigint(20) UNSIGNED NOT NULL,
  `tokenable_type` varchar(191) NOT NULL,
  `tokenable_id` bigint(20) UNSIGNED NOT NULL,
  `name` varchar(191) NOT NULL,
  `token` varchar(64) NOT NULL,
  `abilities` text DEFAULT NULL,
  `last_used_at` timestamp NULL DEFAULT NULL,
  `expires_at` timestamp NULL DEFAULT NULL,
  `created_at` timestamp NULL DEFAULT NULL,
  `updated_at` timestamp NULL DEFAULT NULL
) ENGINE=InnoDB DEFAULT CHARSET=utf8mb4 COLLATE=utf8mb4_unicode_ci;

--
-- Dumping data untuk tabel `personal_access_tokens`
--

INSERT INTO `personal_access_tokens` (`id`, `tokenable_type`, `tokenable_id`, `name`, `token`, `abilities`, `last_used_at`, `expires_at`, `created_at`, `updated_at`) VALUES
(1, 'App\\Models\\User', 1, 'authToken', '0e9da9b279fca35d8bfddc38414edad227668293c0cf656f07400cc2658b454c', '[\"*\"]', NULL, NULL, '2025-07-20 22:14:37', '2025-07-20 22:14:37'),
(2, 'App\\Models\\User', 1, 'authToken', '923a79a9e2f05178791aa225a36514e4f06682b77540784bb67663bf4297e888', '[\"*\"]', '2025-07-28 00:40:10', NULL, '2025-07-21 05:38:35', '2025-07-28 00:40:10'),
(3, 'App\\Models\\User', 1, 'authToken', '11bdff1806f5728de778250c50935a95a80ccaba668ea0c2bde31a94798075fd', '[\"*\"]', '2025-07-27 07:38:03', NULL, '2025-07-27 07:19:41', '2025-07-27 07:38:03'),
(4, 'App\\Models\\User', 1, 'authToken', 'f4e2c225da98c0be085a9b3d042999f40ccbe9ff211ad8a2e60acf20aa6dc8c5', '[\"*\"]', '2025-07-28 00:39:59', NULL, '2025-07-27 07:38:48', '2025-07-28 00:39:59'),
(5, 'App\\Models\\User', 1, 'authToken', '4be3f7c406efc5785ccb23ed26caf31625b13f0ae29b4b23fe28c24f4beab8e8', '[\"*\"]', NULL, NULL, '2025-07-28 00:11:00', '2025-07-28 00:11:00');

-- --------------------------------------------------------

--
-- Struktur dari tabel `seats`
--

CREATE TABLE `seats` (
  `id` bigint(20) UNSIGNED NOT NULL,
  `showtimes_id` bigint(20) UNSIGNED NOT NULL,
  `nomor_kursi` varchar(255) NOT NULL,
  `status` enum('kosong','terisi') NOT NULL DEFAULT 'kosong',
  `created_at` timestamp NULL DEFAULT NULL,
  `updated_at` timestamp NULL DEFAULT NULL
) ENGINE=InnoDB DEFAULT CHARSET=utf8mb4 COLLATE=utf8mb4_unicode_ci;

--
-- Dumping data untuk tabel `seats`
--

INSERT INTO `seats` (`id`, `showtimes_id`, `nomor_kursi`, `status`, `created_at`, `updated_at`) VALUES
(1, 1, 'A1', 'terisi', '2025-07-26 05:44:07', '2025-07-27 08:44:13'),
(2, 1, 'A2', 'terisi', '2025-07-26 05:44:07', '2025-07-27 08:44:13'),
(3, 1, 'A3', 'kosong', '2025-07-26 05:44:07', '2025-07-26 05:44:07'),
(4, 1, 'A4', 'kosong', '2025-07-26 05:44:07', '2025-07-26 05:44:07'),
(5, 1, 'A5', 'terisi', '2025-07-26 05:44:07', '2025-07-28 00:39:59'),
(6, 1, 'B1', 'kosong', '2025-07-26 05:44:07', '2025-07-26 05:44:07'),
(7, 1, 'B2', 'kosong', '2025-07-26 05:44:07', '2025-07-26 05:44:07'),
(8, 1, 'B3', 'kosong', '2025-07-26 05:44:07', '2025-07-26 05:44:07'),
(9, 1, 'B4', 'kosong', '2025-07-26 05:44:07', '2025-07-26 05:44:07'),
(10, 1, 'B5', 'kosong', '2025-07-26 05:44:07', '2025-07-26 05:44:07'),
(11, 1, 'C1', 'kosong', '2025-07-26 05:44:07', '2025-07-26 05:44:07'),
(12, 1, 'C2', 'terisi', '2025-07-26 05:44:07', '2025-07-28 00:12:47'),
(13, 1, 'C3', 'kosong', '2025-07-26 05:44:07', '2025-07-26 05:44:07'),
(14, 1, 'C4', 'kosong', '2025-07-26 05:44:07', '2025-07-26 05:44:07'),
(15, 1, 'C5', 'kosong', '2025-07-26 05:44:07', '2025-07-26 05:44:07'),
(16, 1, 'D1', 'kosong', '2025-07-26 05:44:07', '2025-07-26 05:44:07'),
(17, 1, 'D2', 'kosong', '2025-07-26 05:44:07', '2025-07-26 05:44:07'),
(18, 1, 'D3', 'kosong', '2025-07-26 05:44:07', '2025-07-26 05:44:07'),
(19, 1, 'D4', 'kosong', '2025-07-26 05:44:07', '2025-07-26 05:44:07'),
(20, 1, 'D5', 'kosong', '2025-07-26 05:44:07', '2025-07-26 05:44:07'),
(21, 2, 'A1', 'kosong', '2025-07-26 05:44:07', '2025-07-26 05:44:07'),
(22, 2, 'A2', 'kosong', '2025-07-26 05:44:07', '2025-07-26 05:44:07'),
(23, 2, 'A3', 'kosong', '2025-07-26 05:44:07', '2025-07-26 05:44:07'),
(24, 2, 'A4', 'kosong', '2025-07-26 05:44:07', '2025-07-26 05:44:07'),
(25, 2, 'A5', 'kosong', '2025-07-26 05:44:07', '2025-07-26 05:44:07'),
(26, 2, 'B1', 'kosong', '2025-07-26 05:44:07', '2025-07-26 05:44:07'),
(27, 2, 'B2', 'kosong', '2025-07-26 05:44:07', '2025-07-26 05:44:07'),
(28, 2, 'B3', 'kosong', '2025-07-26 05:44:07', '2025-07-26 05:44:07'),
(29, 2, 'B4', 'kosong', '2025-07-26 05:44:07', '2025-07-26 05:44:07'),
(30, 2, 'B5', 'kosong', '2025-07-26 05:44:07', '2025-07-26 05:44:07'),
(31, 2, 'C1', 'kosong', '2025-07-26 05:44:07', '2025-07-26 05:44:07'),
(32, 2, 'C2', 'kosong', '2025-07-26 05:44:07', '2025-07-26 05:44:07'),
(33, 2, 'C3', 'kosong', '2025-07-26 05:44:07', '2025-07-26 05:44:07'),
(34, 2, 'C4', 'kosong', '2025-07-26 05:44:07', '2025-07-26 05:44:07'),
(35, 2, 'C5', 'kosong', '2025-07-26 05:44:07', '2025-07-26 05:44:07'),
(36, 2, 'D1', 'kosong', '2025-07-26 05:44:07', '2025-07-26 05:44:07'),
(37, 2, 'D2', 'kosong', '2025-07-26 05:44:07', '2025-07-26 05:44:07'),
(38, 2, 'D3', 'kosong', '2025-07-26 05:44:07', '2025-07-26 05:44:07'),
(39, 2, 'D4', 'kosong', '2025-07-26 05:44:07', '2025-07-26 05:44:07'),
(40, 2, 'D5', 'kosong', '2025-07-26 05:44:07', '2025-07-26 05:44:07'),
(41, 3, 'A1', 'kosong', '2025-07-26 05:44:07', '2025-07-26 05:44:07'),
(42, 3, 'A2', 'kosong', '2025-07-26 05:44:07', '2025-07-26 05:44:07'),
(43, 3, 'A3', 'kosong', '2025-07-26 05:44:07', '2025-07-26 05:44:07'),
(44, 3, 'A4', 'kosong', '2025-07-26 05:44:07', '2025-07-26 05:44:07'),
(45, 3, 'A5', 'kosong', '2025-07-26 05:44:07', '2025-07-26 05:44:07'),
(46, 3, 'B1', 'kosong', '2025-07-26 05:44:07', '2025-07-26 05:44:07'),
(47, 3, 'B2', 'kosong', '2025-07-26 05:44:07', '2025-07-26 05:44:07'),
(48, 3, 'B3', 'kosong', '2025-07-26 05:44:07', '2025-07-26 05:44:07'),
(49, 3, 'B4', 'kosong', '2025-07-26 05:44:07', '2025-07-26 05:44:07'),
(50, 3, 'B5', 'kosong', '2025-07-26 05:44:07', '2025-07-26 05:44:07'),
(51, 3, 'C1', 'kosong', '2025-07-26 05:44:07', '2025-07-26 05:44:07'),
(52, 3, 'C2', 'kosong', '2025-07-26 05:44:07', '2025-07-26 05:44:07'),
(53, 3, 'C3', 'kosong', '2025-07-26 05:44:07', '2025-07-26 05:44:07'),
(54, 3, 'C4', 'kosong', '2025-07-26 05:44:07', '2025-07-26 05:44:07'),
(55, 3, 'C5', 'kosong', '2025-07-26 05:44:07', '2025-07-26 05:44:07'),
(56, 3, 'D1', 'kosong', '2025-07-26 05:44:07', '2025-07-26 05:44:07'),
(57, 3, 'D2', 'kosong', '2025-07-26 05:44:07', '2025-07-26 05:44:07'),
(58, 3, 'D3', 'kosong', '2025-07-26 05:44:07', '2025-07-26 05:44:07'),
(59, 3, 'D4', 'kosong', '2025-07-26 05:44:07', '2025-07-26 05:44:07'),
(60, 3, 'D5', 'kosong', '2025-07-26 05:44:07', '2025-07-26 05:44:07'),
(61, 4, 'A1', 'kosong', '2025-07-26 05:44:07', '2025-07-26 05:44:07'),
(62, 4, 'A2', 'kosong', '2025-07-26 05:44:07', '2025-07-26 05:44:07'),
(63, 4, 'A3', 'kosong', '2025-07-26 05:44:07', '2025-07-26 05:44:07'),
(64, 4, 'A4', 'kosong', '2025-07-26 05:44:07', '2025-07-26 05:44:07'),
(65, 4, 'A5', 'kosong', '2025-07-26 05:44:07', '2025-07-26 05:44:07'),
(66, 4, 'B1', 'kosong', '2025-07-26 05:44:07', '2025-07-26 05:44:07'),
(67, 4, 'B2', 'kosong', '2025-07-26 05:44:07', '2025-07-26 05:44:07'),
(68, 4, 'B3', 'kosong', '2025-07-26 05:44:07', '2025-07-26 05:44:07'),
(69, 4, 'B4', 'kosong', '2025-07-26 05:44:07', '2025-07-26 05:44:07'),
(70, 4, 'B5', 'kosong', '2025-07-26 05:44:07', '2025-07-26 05:44:07'),
(71, 4, 'C1', 'kosong', '2025-07-26 05:44:07', '2025-07-26 05:44:07'),
(72, 4, 'C2', 'kosong', '2025-07-26 05:44:07', '2025-07-26 05:44:07'),
(73, 4, 'C3', 'kosong', '2025-07-26 05:44:07', '2025-07-26 05:44:07'),
(74, 4, 'C4', 'kosong', '2025-07-26 05:44:07', '2025-07-26 05:44:07'),
(75, 4, 'C5', 'kosong', '2025-07-26 05:44:07', '2025-07-26 05:44:07'),
(76, 4, 'D1', 'kosong', '2025-07-26 05:44:07', '2025-07-26 05:44:07'),
(77, 4, 'D2', 'kosong', '2025-07-26 05:44:07', '2025-07-26 05:44:07'),
(78, 4, 'D3', 'kosong', '2025-07-26 05:44:07', '2025-07-26 05:44:07'),
(79, 4, 'D4', 'kosong', '2025-07-26 05:44:07', '2025-07-26 05:44:07'),
(80, 4, 'D5', 'kosong', '2025-07-26 05:44:07', '2025-07-26 05:44:07'),
(81, 5, 'A1', 'kosong', '2025-07-26 05:44:07', '2025-07-26 05:44:07'),
(82, 5, 'A2', 'kosong', '2025-07-26 05:44:07', '2025-07-26 05:44:07'),
(83, 5, 'A3', 'kosong', '2025-07-26 05:44:07', '2025-07-26 05:44:07'),
(84, 5, 'A4', 'kosong', '2025-07-26 05:44:07', '2025-07-26 05:44:07'),
(85, 5, 'A5', 'kosong', '2025-07-26 05:44:07', '2025-07-26 05:44:07'),
(86, 5, 'B1', 'kosong', '2025-07-26 05:44:07', '2025-07-26 05:44:07'),
(87, 5, 'B2', 'kosong', '2025-07-26 05:44:07', '2025-07-26 05:44:07'),
(88, 5, 'B3', 'kosong', '2025-07-26 05:44:07', '2025-07-26 05:44:07'),
(89, 5, 'B4', 'kosong', '2025-07-26 05:44:07', '2025-07-26 05:44:07'),
(90, 5, 'B5', 'kosong', '2025-07-26 05:44:07', '2025-07-26 05:44:07'),
(91, 5, 'C1', 'kosong', '2025-07-26 05:44:07', '2025-07-26 05:44:07'),
(92, 5, 'C2', 'kosong', '2025-07-26 05:44:07', '2025-07-26 05:44:07'),
(93, 5, 'C3', 'kosong', '2025-07-26 05:44:07', '2025-07-26 05:44:07'),
(94, 5, 'C4', 'kosong', '2025-07-26 05:44:07', '2025-07-26 05:44:07'),
(95, 5, 'C5', 'kosong', '2025-07-26 05:44:07', '2025-07-26 05:44:07'),
(96, 5, 'D1', 'kosong', '2025-07-26 05:44:07', '2025-07-26 05:44:07'),
(97, 5, 'D2', 'kosong', '2025-07-26 05:44:07', '2025-07-26 05:44:07'),
(98, 5, 'D3', 'kosong', '2025-07-26 05:44:07', '2025-07-26 05:44:07'),
(99, 5, 'D4', 'kosong', '2025-07-26 05:44:07', '2025-07-26 05:44:07'),
(100, 5, 'D5', 'kosong', '2025-07-26 05:44:07', '2025-07-26 05:44:07'),
(101, 6, 'A1', 'kosong', '2025-07-26 05:44:07', '2025-07-26 05:44:07'),
(102, 6, 'A2', 'kosong', '2025-07-26 05:44:07', '2025-07-26 05:44:07'),
(103, 6, 'A3', 'kosong', '2025-07-26 05:44:07', '2025-07-26 05:44:07'),
(104, 6, 'A4', 'kosong', '2025-07-26 05:44:07', '2025-07-26 05:44:07'),
(105, 6, 'A5', 'kosong', '2025-07-26 05:44:07', '2025-07-26 05:44:07'),
(106, 6, 'B1', 'kosong', '2025-07-26 05:44:07', '2025-07-26 05:44:07'),
(107, 6, 'B2', 'kosong', '2025-07-26 05:44:07', '2025-07-26 05:44:07'),
(108, 6, 'B3', 'kosong', '2025-07-26 05:44:07', '2025-07-26 05:44:07'),
(109, 6, 'B4', 'kosong', '2025-07-26 05:44:07', '2025-07-26 05:44:07'),
(110, 6, 'B5', 'kosong', '2025-07-26 05:44:07', '2025-07-26 05:44:07'),
(111, 6, 'C1', 'kosong', '2025-07-26 05:44:07', '2025-07-26 05:44:07'),
(112, 6, 'C2', 'kosong', '2025-07-26 05:44:07', '2025-07-26 05:44:07'),
(113, 6, 'C3', 'kosong', '2025-07-26 05:44:07', '2025-07-26 05:44:07'),
(114, 6, 'C4', 'kosong', '2025-07-26 05:44:07', '2025-07-26 05:44:07'),
(115, 6, 'C5', 'kosong', '2025-07-26 05:44:07', '2025-07-26 05:44:07'),
(116, 6, 'D1', 'kosong', '2025-07-26 05:44:07', '2025-07-26 05:44:07'),
(117, 6, 'D2', 'kosong', '2025-07-26 05:44:07', '2025-07-26 05:44:07'),
(118, 6, 'D3', 'kosong', '2025-07-26 05:44:07', '2025-07-26 05:44:07'),
(119, 6, 'D4', 'kosong', '2025-07-26 05:44:07', '2025-07-26 05:44:07'),
(120, 6, 'D5', 'kosong', '2025-07-26 05:44:07', '2025-07-26 05:44:07'),
(121, 7, 'A1', 'kosong', '2025-07-26 05:44:07', '2025-07-26 05:44:07'),
(122, 7, 'A2', 'kosong', '2025-07-26 05:44:07', '2025-07-26 05:44:07'),
(123, 7, 'A3', 'kosong', '2025-07-26 05:44:07', '2025-07-26 05:44:07'),
(124, 7, 'A4', 'kosong', '2025-07-26 05:44:07', '2025-07-26 05:44:07'),
(125, 7, 'A5', 'kosong', '2025-07-26 05:44:07', '2025-07-26 05:44:07'),
(126, 7, 'B1', 'kosong', '2025-07-26 05:44:07', '2025-07-26 05:44:07'),
(127, 7, 'B2', 'kosong', '2025-07-26 05:44:07', '2025-07-26 05:44:07'),
(128, 7, 'B3', 'kosong', '2025-07-26 05:44:07', '2025-07-26 05:44:07'),
(129, 7, 'B4', 'kosong', '2025-07-26 05:44:07', '2025-07-26 05:44:07'),
(130, 7, 'B5', 'kosong', '2025-07-26 05:44:07', '2025-07-26 05:44:07'),
(131, 7, 'C1', 'kosong', '2025-07-26 05:44:07', '2025-07-26 05:44:07'),
(132, 7, 'C2', 'kosong', '2025-07-26 05:44:07', '2025-07-26 05:44:07'),
(133, 7, 'C3', 'kosong', '2025-07-26 05:44:07', '2025-07-26 05:44:07'),
(134, 7, 'C4', 'kosong', '2025-07-26 05:44:07', '2025-07-26 05:44:07'),
(135, 7, 'C5', 'kosong', '2025-07-26 05:44:07', '2025-07-26 05:44:07'),
(136, 7, 'D1', 'kosong', '2025-07-26 05:44:07', '2025-07-26 05:44:07'),
(137, 7, 'D2', 'kosong', '2025-07-26 05:44:07', '2025-07-26 05:44:07'),
(138, 7, 'D3', 'kosong', '2025-07-26 05:44:07', '2025-07-26 05:44:07'),
(139, 7, 'D4', 'kosong', '2025-07-26 05:44:07', '2025-07-26 05:44:07'),
(140, 7, 'D5', 'kosong', '2025-07-26 05:44:07', '2025-07-26 05:44:07'),
(141, 8, 'A1', 'kosong', '2025-07-26 05:44:07', '2025-07-26 05:44:07'),
(142, 8, 'A2', 'kosong', '2025-07-26 05:44:07', '2025-07-26 05:44:07'),
(143, 8, 'A3', 'kosong', '2025-07-26 05:44:07', '2025-07-26 05:44:07'),
(144, 8, 'A4', 'kosong', '2025-07-26 05:44:07', '2025-07-26 05:44:07'),
(145, 8, 'A5', 'kosong', '2025-07-26 05:44:07', '2025-07-26 05:44:07'),
(146, 8, 'B1', 'kosong', '2025-07-26 05:44:07', '2025-07-26 05:44:07'),
(147, 8, 'B2', 'kosong', '2025-07-26 05:44:07', '2025-07-26 05:44:07'),
(148, 8, 'B3', 'kosong', '2025-07-26 05:44:07', '2025-07-26 05:44:07'),
(149, 8, 'B4', 'kosong', '2025-07-26 05:44:07', '2025-07-26 05:44:07'),
(150, 8, 'B5', 'kosong', '2025-07-26 05:44:07', '2025-07-26 05:44:07'),
(151, 8, 'C1', 'kosong', '2025-07-26 05:44:07', '2025-07-26 05:44:07'),
(152, 8, 'C2', 'kosong', '2025-07-26 05:44:07', '2025-07-26 05:44:07'),
(153, 8, 'C3', 'kosong', '2025-07-26 05:44:07', '2025-07-26 05:44:07'),
(154, 8, 'C4', 'kosong', '2025-07-26 05:44:07', '2025-07-26 05:44:07'),
(155, 8, 'C5', 'kosong', '2025-07-26 05:44:07', '2025-07-26 05:44:07'),
(156, 8, 'D1', 'kosong', '2025-07-26 05:44:07', '2025-07-26 05:44:07'),
(157, 8, 'D2', 'kosong', '2025-07-26 05:44:07', '2025-07-26 05:44:07'),
(158, 8, 'D3', 'kosong', '2025-07-26 05:44:07', '2025-07-26 05:44:07'),
(159, 8, 'D4', 'kosong', '2025-07-26 05:44:07', '2025-07-26 05:44:07'),
(160, 8, 'D5', 'kosong', '2025-07-26 05:44:07', '2025-07-26 05:44:07'),
(161, 9, 'A1', 'kosong', '2025-07-26 05:44:07', '2025-07-26 05:44:07'),
(162, 9, 'A2', 'kosong', '2025-07-26 05:44:07', '2025-07-26 05:44:07'),
(163, 9, 'A3', 'kosong', '2025-07-26 05:44:07', '2025-07-26 05:44:07'),
(164, 9, 'A4', 'kosong', '2025-07-26 05:44:07', '2025-07-26 05:44:07'),
(165, 9, 'A5', 'kosong', '2025-07-26 05:44:07', '2025-07-26 05:44:07'),
(166, 9, 'B1', 'kosong', '2025-07-26 05:44:07', '2025-07-26 05:44:07'),
(167, 9, 'B2', 'kosong', '2025-07-26 05:44:07', '2025-07-26 05:44:07'),
(168, 9, 'B3', 'kosong', '2025-07-26 05:44:07', '2025-07-26 05:44:07'),
(169, 9, 'B4', 'kosong', '2025-07-26 05:44:07', '2025-07-26 05:44:07'),
(170, 9, 'B5', 'kosong', '2025-07-26 05:44:07', '2025-07-26 05:44:07'),
(171, 9, 'C1', 'kosong', '2025-07-26 05:44:07', '2025-07-26 05:44:07'),
(172, 9, 'C2', 'kosong', '2025-07-26 05:44:07', '2025-07-26 05:44:07'),
(173, 9, 'C3', 'kosong', '2025-07-26 05:44:07', '2025-07-26 05:44:07'),
(174, 9, 'C4', 'kosong', '2025-07-26 05:44:07', '2025-07-26 05:44:07'),
(175, 9, 'C5', 'kosong', '2025-07-26 05:44:07', '2025-07-26 05:44:07'),
(176, 9, 'D1', 'kosong', '2025-07-26 05:44:07', '2025-07-26 05:44:07'),
(177, 9, 'D2', 'kosong', '2025-07-26 05:44:07', '2025-07-26 05:44:07'),
(178, 9, 'D3', 'kosong', '2025-07-26 05:44:07', '2025-07-26 05:44:07'),
(179, 9, 'D4', 'kosong', '2025-07-26 05:44:07', '2025-07-26 05:44:07'),
(180, 9, 'D5', 'kosong', '2025-07-26 05:44:07', '2025-07-26 05:44:07'),
(181, 10, 'A1', 'kosong', '2025-07-26 05:44:07', '2025-07-26 05:44:07'),
(182, 10, 'A2', 'kosong', '2025-07-26 05:44:07', '2025-07-26 05:44:07'),
(183, 10, 'A3', 'kosong', '2025-07-26 05:44:07', '2025-07-26 05:44:07'),
(184, 10, 'A4', 'kosong', '2025-07-26 05:44:07', '2025-07-26 05:44:07'),
(185, 10, 'A5', 'kosong', '2025-07-26 05:44:07', '2025-07-26 05:44:07'),
(186, 10, 'B1', 'kosong', '2025-07-26 05:44:07', '2025-07-26 05:44:07'),
(187, 10, 'B2', 'kosong', '2025-07-26 05:44:07', '2025-07-26 05:44:07'),
(188, 10, 'B3', 'kosong', '2025-07-26 05:44:07', '2025-07-26 05:44:07'),
(189, 10, 'B4', 'kosong', '2025-07-26 05:44:07', '2025-07-26 05:44:07'),
(190, 10, 'B5', 'kosong', '2025-07-26 05:44:07', '2025-07-26 05:44:07'),
(191, 10, 'C1', 'kosong', '2025-07-26 05:44:07', '2025-07-26 05:44:07'),
(192, 10, 'C2', 'kosong', '2025-07-26 05:44:07', '2025-07-26 05:44:07'),
(193, 10, 'C3', 'kosong', '2025-07-26 05:44:07', '2025-07-26 05:44:07'),
(194, 10, 'C4', 'kosong', '2025-07-26 05:44:07', '2025-07-26 05:44:07'),
(195, 10, 'C5', 'kosong', '2025-07-26 05:44:07', '2025-07-26 05:44:07'),
(196, 10, 'D1', 'kosong', '2025-07-26 05:44:07', '2025-07-26 05:44:07'),
(197, 10, 'D2', 'kosong', '2025-07-26 05:44:07', '2025-07-26 05:44:07'),
(198, 10, 'D3', 'kosong', '2025-07-26 05:44:07', '2025-07-26 05:44:07'),
(199, 10, 'D4', 'kosong', '2025-07-26 05:44:07', '2025-07-26 05:44:07'),
(200, 10, 'D5', 'kosong', '2025-07-26 05:44:07', '2025-07-26 05:44:07'),
(201, 11, 'A1', 'kosong', '2025-07-26 05:44:07', '2025-07-26 05:44:07'),
(202, 11, 'A2', 'kosong', '2025-07-26 05:44:07', '2025-07-26 05:44:07'),
(203, 11, 'A3', 'kosong', '2025-07-26 05:44:07', '2025-07-26 05:44:07'),
(204, 11, 'A4', 'kosong', '2025-07-26 05:44:07', '2025-07-26 05:44:07'),
(205, 11, 'A5', 'kosong', '2025-07-26 05:44:07', '2025-07-26 05:44:07'),
(206, 11, 'B1', 'kosong', '2025-07-26 05:44:07', '2025-07-26 05:44:07'),
(207, 11, 'B2', 'kosong', '2025-07-26 05:44:07', '2025-07-26 05:44:07'),
(208, 11, 'B3', 'kosong', '2025-07-26 05:44:07', '2025-07-26 05:44:07'),
(209, 11, 'B4', 'kosong', '2025-07-26 05:44:07', '2025-07-26 05:44:07'),
(210, 11, 'B5', 'kosong', '2025-07-26 05:44:07', '2025-07-26 05:44:07'),
(211, 11, 'C1', 'kosong', '2025-07-26 05:44:07', '2025-07-26 05:44:07'),
(212, 11, 'C2', 'kosong', '2025-07-26 05:44:07', '2025-07-26 05:44:07'),
(213, 11, 'C3', 'kosong', '2025-07-26 05:44:07', '2025-07-26 05:44:07'),
(214, 11, 'C4', 'kosong', '2025-07-26 05:44:07', '2025-07-26 05:44:07'),
(215, 11, 'C5', 'kosong', '2025-07-26 05:44:07', '2025-07-26 05:44:07'),
(216, 11, 'D1', 'kosong', '2025-07-26 05:44:07', '2025-07-26 05:44:07'),
(217, 11, 'D2', 'kosong', '2025-07-26 05:44:07', '2025-07-26 05:44:07'),
(218, 11, 'D3', 'kosong', '2025-07-26 05:44:07', '2025-07-26 05:44:07'),
(219, 11, 'D4', 'kosong', '2025-07-26 05:44:07', '2025-07-26 05:44:07'),
(220, 11, 'D5', 'kosong', '2025-07-26 05:44:07', '2025-07-26 05:44:07'),
(221, 12, 'A1', 'kosong', '2025-07-26 05:44:07', '2025-07-26 05:44:07'),
(222, 12, 'A2', 'kosong', '2025-07-26 05:44:07', '2025-07-26 05:44:07'),
(223, 12, 'A3', 'kosong', '2025-07-26 05:44:07', '2025-07-26 05:44:07'),
(224, 12, 'A4', 'kosong', '2025-07-26 05:44:07', '2025-07-26 05:44:07'),
(225, 12, 'A5', 'kosong', '2025-07-26 05:44:07', '2025-07-26 05:44:07'),
(226, 12, 'B1', 'kosong', '2025-07-26 05:44:07', '2025-07-26 05:44:07'),
(227, 12, 'B2', 'kosong', '2025-07-26 05:44:07', '2025-07-26 05:44:07'),
(228, 12, 'B3', 'kosong', '2025-07-26 05:44:07', '2025-07-26 05:44:07'),
(229, 12, 'B4', 'kosong', '2025-07-26 05:44:07', '2025-07-26 05:44:07'),
(230, 12, 'B5', 'kosong', '2025-07-26 05:44:07', '2025-07-26 05:44:07'),
(231, 12, 'C1', 'kosong', '2025-07-26 05:44:07', '2025-07-26 05:44:07'),
(232, 12, 'C2', 'kosong', '2025-07-26 05:44:07', '2025-07-26 05:44:07'),
(233, 12, 'C3', 'kosong', '2025-07-26 05:44:07', '2025-07-26 05:44:07'),
(234, 12, 'C4', 'kosong', '2025-07-26 05:44:07', '2025-07-26 05:44:07'),
(235, 12, 'C5', 'kosong', '2025-07-26 05:44:07', '2025-07-26 05:44:07'),
(236, 12, 'D1', 'kosong', '2025-07-26 05:44:07', '2025-07-26 05:44:07'),
(237, 12, 'D2', 'kosong', '2025-07-26 05:44:07', '2025-07-26 05:44:07'),
(238, 12, 'D3', 'kosong', '2025-07-26 05:44:07', '2025-07-26 05:44:07'),
(239, 12, 'D4', 'kosong', '2025-07-26 05:44:07', '2025-07-26 05:44:07'),
(240, 12, 'D5', 'kosong', '2025-07-26 05:44:07', '2025-07-26 05:44:07'),
(241, 13, 'A1', 'kosong', '2025-07-26 05:44:07', '2025-07-26 05:44:07'),
(242, 13, 'A2', 'kosong', '2025-07-26 05:44:07', '2025-07-26 05:44:07'),
(243, 13, 'A3', 'kosong', '2025-07-26 05:44:07', '2025-07-26 05:44:07'),
(244, 13, 'A4', 'kosong', '2025-07-26 05:44:07', '2025-07-26 05:44:07'),
(245, 13, 'A5', 'kosong', '2025-07-26 05:44:07', '2025-07-26 05:44:07'),
(246, 13, 'B1', 'kosong', '2025-07-26 05:44:07', '2025-07-26 05:44:07'),
(247, 13, 'B2', 'kosong', '2025-07-26 05:44:07', '2025-07-26 05:44:07'),
(248, 13, 'B3', 'kosong', '2025-07-26 05:44:07', '2025-07-26 05:44:07'),
(249, 13, 'B4', 'kosong', '2025-07-26 05:44:07', '2025-07-26 05:44:07'),
(250, 13, 'B5', 'kosong', '2025-07-26 05:44:07', '2025-07-26 05:44:07'),
(251, 13, 'C1', 'kosong', '2025-07-26 05:44:07', '2025-07-26 05:44:07'),
(252, 13, 'C2', 'kosong', '2025-07-26 05:44:07', '2025-07-26 05:44:07'),
(253, 13, 'C3', 'kosong', '2025-07-26 05:44:07', '2025-07-26 05:44:07'),
(254, 13, 'C4', 'kosong', '2025-07-26 05:44:07', '2025-07-26 05:44:07'),
(255, 13, 'C5', 'kosong', '2025-07-26 05:44:07', '2025-07-26 05:44:07'),
(256, 13, 'D1', 'kosong', '2025-07-26 05:44:07', '2025-07-26 05:44:07'),
(257, 13, 'D2', 'kosong', '2025-07-26 05:44:07', '2025-07-26 05:44:07'),
(258, 13, 'D3', 'kosong', '2025-07-26 05:44:07', '2025-07-26 05:44:07'),
(259, 13, 'D4', 'kosong', '2025-07-26 05:44:07', '2025-07-26 05:44:07'),
(260, 13, 'D5', 'kosong', '2025-07-26 05:44:07', '2025-07-26 05:44:07'),
(261, 14, 'A1', 'kosong', '2025-07-26 05:44:07', '2025-07-26 05:44:07'),
(262, 14, 'A2', 'kosong', '2025-07-26 05:44:07', '2025-07-26 05:44:07'),
(263, 14, 'A3', 'kosong', '2025-07-26 05:44:07', '2025-07-26 05:44:07'),
(264, 14, 'A4', 'kosong', '2025-07-26 05:44:07', '2025-07-26 05:44:07'),
(265, 14, 'A5', 'kosong', '2025-07-26 05:44:07', '2025-07-26 05:44:07'),
(266, 14, 'B1', 'kosong', '2025-07-26 05:44:07', '2025-07-26 05:44:07'),
(267, 14, 'B2', 'kosong', '2025-07-26 05:44:07', '2025-07-26 05:44:07'),
(268, 14, 'B3', 'kosong', '2025-07-26 05:44:07', '2025-07-26 05:44:07'),
(269, 14, 'B4', 'kosong', '2025-07-26 05:44:07', '2025-07-26 05:44:07'),
(270, 14, 'B5', 'kosong', '2025-07-26 05:44:07', '2025-07-26 05:44:07'),
(271, 14, 'C1', 'kosong', '2025-07-26 05:44:07', '2025-07-26 05:44:07'),
(272, 14, 'C2', 'kosong', '2025-07-26 05:44:07', '2025-07-26 05:44:07'),
(273, 14, 'C3', 'kosong', '2025-07-26 05:44:07', '2025-07-26 05:44:07'),
(274, 14, 'C4', 'kosong', '2025-07-26 05:44:07', '2025-07-26 05:44:07'),
(275, 14, 'C5', 'kosong', '2025-07-26 05:44:07', '2025-07-26 05:44:07'),
(276, 14, 'D1', 'kosong', '2025-07-26 05:44:07', '2025-07-26 05:44:07'),
(277, 14, 'D2', 'kosong', '2025-07-26 05:44:07', '2025-07-26 05:44:07'),
(278, 14, 'D3', 'kosong', '2025-07-26 05:44:08', '2025-07-26 05:44:08'),
(279, 14, 'D4', 'kosong', '2025-07-26 05:44:08', '2025-07-26 05:44:08'),
(280, 14, 'D5', 'kosong', '2025-07-26 05:44:08', '2025-07-26 05:44:08'),
(281, 15, 'A1', 'kosong', '2025-07-26 05:44:08', '2025-07-26 05:44:08'),
(282, 15, 'A2', 'kosong', '2025-07-26 05:44:08', '2025-07-26 05:44:08'),
(283, 15, 'A3', 'kosong', '2025-07-26 05:44:08', '2025-07-26 05:44:08'),
(284, 15, 'A4', 'kosong', '2025-07-26 05:44:08', '2025-07-26 05:44:08'),
(285, 15, 'A5', 'kosong', '2025-07-26 05:44:08', '2025-07-26 05:44:08'),
(286, 15, 'B1', 'kosong', '2025-07-26 05:44:08', '2025-07-26 05:44:08'),
(287, 15, 'B2', 'kosong', '2025-07-26 05:44:08', '2025-07-26 05:44:08'),
(288, 15, 'B3', 'kosong', '2025-07-26 05:44:08', '2025-07-26 05:44:08'),
(289, 15, 'B4', 'kosong', '2025-07-26 05:44:08', '2025-07-26 05:44:08'),
(290, 15, 'B5', 'kosong', '2025-07-26 05:44:08', '2025-07-26 05:44:08'),
(291, 15, 'C1', 'kosong', '2025-07-26 05:44:08', '2025-07-26 05:44:08'),
(292, 15, 'C2', 'kosong', '2025-07-26 05:44:08', '2025-07-26 05:44:08'),
(293, 15, 'C3', 'kosong', '2025-07-26 05:44:08', '2025-07-26 05:44:08'),
(294, 15, 'C4', 'kosong', '2025-07-26 05:44:08', '2025-07-26 05:44:08'),
(295, 15, 'C5', 'kosong', '2025-07-26 05:44:08', '2025-07-26 05:44:08'),
(296, 15, 'D1', 'kosong', '2025-07-26 05:44:08', '2025-07-26 05:44:08'),
(297, 15, 'D2', 'kosong', '2025-07-26 05:44:08', '2025-07-26 05:44:08'),
(298, 15, 'D3', 'kosong', '2025-07-26 05:44:08', '2025-07-26 05:44:08'),
(299, 15, 'D4', 'kosong', '2025-07-26 05:44:08', '2025-07-26 05:44:08'),
(300, 15, 'D5', 'kosong', '2025-07-26 05:44:08', '2025-07-26 05:44:08'),
(301, 16, 'A1', 'kosong', '2025-07-26 05:44:08', '2025-07-26 05:44:08'),
(302, 16, 'A2', 'kosong', '2025-07-26 05:44:08', '2025-07-26 05:44:08'),
(303, 16, 'A3', 'kosong', '2025-07-26 05:44:08', '2025-07-26 05:44:08'),
(304, 16, 'A4', 'kosong', '2025-07-26 05:44:08', '2025-07-26 05:44:08'),
(305, 16, 'A5', 'kosong', '2025-07-26 05:44:08', '2025-07-26 05:44:08'),
(306, 16, 'B1', 'kosong', '2025-07-26 05:44:08', '2025-07-26 05:44:08'),
(307, 16, 'B2', 'kosong', '2025-07-26 05:44:08', '2025-07-26 05:44:08'),
(308, 16, 'B3', 'kosong', '2025-07-26 05:44:08', '2025-07-26 05:44:08'),
(309, 16, 'B4', 'kosong', '2025-07-26 05:44:08', '2025-07-26 05:44:08'),
(310, 16, 'B5', 'kosong', '2025-07-26 05:44:08', '2025-07-26 05:44:08'),
(311, 16, 'C1', 'kosong', '2025-07-26 05:44:08', '2025-07-26 05:44:08'),
(312, 16, 'C2', 'kosong', '2025-07-26 05:44:08', '2025-07-26 05:44:08'),
(313, 16, 'C3', 'kosong', '2025-07-26 05:44:08', '2025-07-26 05:44:08'),
(314, 16, 'C4', 'kosong', '2025-07-26 05:44:08', '2025-07-26 05:44:08'),
(315, 16, 'C5', 'kosong', '2025-07-26 05:44:08', '2025-07-26 05:44:08'),
(316, 16, 'D1', 'kosong', '2025-07-26 05:44:08', '2025-07-26 05:44:08'),
(317, 16, 'D2', 'kosong', '2025-07-26 05:44:08', '2025-07-26 05:44:08'),
(318, 16, 'D3', 'kosong', '2025-07-26 05:44:08', '2025-07-26 05:44:08'),
(319, 16, 'D4', 'kosong', '2025-07-26 05:44:08', '2025-07-26 05:44:08'),
(320, 16, 'D5', 'kosong', '2025-07-26 05:44:08', '2025-07-26 05:44:08'),
(321, 17, 'A1', 'kosong', '2025-07-26 05:44:08', '2025-07-26 05:44:08'),
(322, 17, 'A2', 'kosong', '2025-07-26 05:44:08', '2025-07-26 05:44:08'),
(323, 17, 'A3', 'kosong', '2025-07-26 05:44:08', '2025-07-26 05:44:08'),
(324, 17, 'A4', 'kosong', '2025-07-26 05:44:08', '2025-07-26 05:44:08'),
(325, 17, 'A5', 'kosong', '2025-07-26 05:44:08', '2025-07-26 05:44:08'),
(326, 17, 'B1', 'kosong', '2025-07-26 05:44:08', '2025-07-26 05:44:08'),
(327, 17, 'B2', 'kosong', '2025-07-26 05:44:08', '2025-07-26 05:44:08'),
(328, 17, 'B3', 'kosong', '2025-07-26 05:44:08', '2025-07-26 05:44:08'),
(329, 17, 'B4', 'kosong', '2025-07-26 05:44:08', '2025-07-26 05:44:08'),
(330, 17, 'B5', 'kosong', '2025-07-26 05:44:08', '2025-07-26 05:44:08'),
(331, 17, 'C1', 'kosong', '2025-07-26 05:44:08', '2025-07-26 05:44:08'),
(332, 17, 'C2', 'kosong', '2025-07-26 05:44:08', '2025-07-26 05:44:08'),
(333, 17, 'C3', 'kosong', '2025-07-26 05:44:08', '2025-07-26 05:44:08'),
(334, 17, 'C4', 'kosong', '2025-07-26 05:44:08', '2025-07-26 05:44:08'),
(335, 17, 'C5', 'kosong', '2025-07-26 05:44:08', '2025-07-26 05:44:08'),
(336, 17, 'D1', 'kosong', '2025-07-26 05:44:08', '2025-07-26 05:44:08'),
(337, 17, 'D2', 'kosong', '2025-07-26 05:44:08', '2025-07-26 05:44:08'),
(338, 17, 'D3', 'kosong', '2025-07-26 05:44:08', '2025-07-26 05:44:08'),
(339, 17, 'D4', 'kosong', '2025-07-26 05:44:08', '2025-07-26 05:44:08'),
(340, 17, 'D5', 'kosong', '2025-07-26 05:44:08', '2025-07-26 05:44:08'),
(341, 18, 'A1', 'kosong', '2025-07-26 05:44:08', '2025-07-26 05:44:08'),
(342, 18, 'A2', 'kosong', '2025-07-26 05:44:08', '2025-07-26 05:44:08'),
(343, 18, 'A3', 'kosong', '2025-07-26 05:44:08', '2025-07-26 05:44:08'),
(344, 18, 'A4', 'kosong', '2025-07-26 05:44:08', '2025-07-26 05:44:08'),
(345, 18, 'A5', 'kosong', '2025-07-26 05:44:08', '2025-07-26 05:44:08'),
(346, 18, 'B1', 'kosong', '2025-07-26 05:44:08', '2025-07-26 05:44:08'),
(347, 18, 'B2', 'kosong', '2025-07-26 05:44:08', '2025-07-26 05:44:08'),
(348, 18, 'B3', 'kosong', '2025-07-26 05:44:08', '2025-07-26 05:44:08'),
(349, 18, 'B4', 'kosong', '2025-07-26 05:44:08', '2025-07-26 05:44:08'),
(350, 18, 'B5', 'kosong', '2025-07-26 05:44:08', '2025-07-26 05:44:08'),
(351, 18, 'C1', 'kosong', '2025-07-26 05:44:08', '2025-07-26 05:44:08'),
(352, 18, 'C2', 'kosong', '2025-07-26 05:44:08', '2025-07-26 05:44:08'),
(353, 18, 'C3', 'kosong', '2025-07-26 05:44:08', '2025-07-26 05:44:08'),
(354, 18, 'C4', 'kosong', '2025-07-26 05:44:08', '2025-07-26 05:44:08'),
(355, 18, 'C5', 'kosong', '2025-07-26 05:44:08', '2025-07-26 05:44:08'),
(356, 18, 'D1', 'kosong', '2025-07-26 05:44:08', '2025-07-26 05:44:08'),
(357, 18, 'D2', 'kosong', '2025-07-26 05:44:08', '2025-07-26 05:44:08'),
(358, 18, 'D3', 'kosong', '2025-07-26 05:44:08', '2025-07-26 05:44:08'),
(359, 18, 'D4', 'kosong', '2025-07-26 05:44:08', '2025-07-26 05:44:08'),
(360, 18, 'D5', 'kosong', '2025-07-26 05:44:08', '2025-07-26 05:44:08'),
(361, 19, 'A1', 'kosong', '2025-07-26 05:44:08', '2025-07-26 05:44:08'),
(362, 19, 'A2', 'kosong', '2025-07-26 05:44:08', '2025-07-26 05:44:08'),
(363, 19, 'A3', 'kosong', '2025-07-26 05:44:08', '2025-07-26 05:44:08'),
(364, 19, 'A4', 'kosong', '2025-07-26 05:44:08', '2025-07-26 05:44:08'),
(365, 19, 'A5', 'kosong', '2025-07-26 05:44:08', '2025-07-26 05:44:08'),
(366, 19, 'B1', 'kosong', '2025-07-26 05:44:08', '2025-07-26 05:44:08'),
(367, 19, 'B2', 'kosong', '2025-07-26 05:44:08', '2025-07-26 05:44:08'),
(368, 19, 'B3', 'kosong', '2025-07-26 05:44:08', '2025-07-26 05:44:08'),
(369, 19, 'B4', 'kosong', '2025-07-26 05:44:08', '2025-07-26 05:44:08'),
(370, 19, 'B5', 'kosong', '2025-07-26 05:44:08', '2025-07-26 05:44:08'),
(371, 19, 'C1', 'kosong', '2025-07-26 05:44:08', '2025-07-26 05:44:08'),
(372, 19, 'C2', 'kosong', '2025-07-26 05:44:08', '2025-07-26 05:44:08'),
(373, 19, 'C3', 'kosong', '2025-07-26 05:44:08', '2025-07-26 05:44:08'),
(374, 19, 'C4', 'kosong', '2025-07-26 05:44:08', '2025-07-26 05:44:08'),
(375, 19, 'C5', 'kosong', '2025-07-26 05:44:08', '2025-07-26 05:44:08'),
(376, 19, 'D1', 'kosong', '2025-07-26 05:44:08', '2025-07-26 05:44:08'),
(377, 19, 'D2', 'kosong', '2025-07-26 05:44:08', '2025-07-26 05:44:08'),
(378, 19, 'D3', 'kosong', '2025-07-26 05:44:08', '2025-07-26 05:44:08'),
(379, 19, 'D4', 'kosong', '2025-07-26 05:44:08', '2025-07-26 05:44:08'),
(380, 19, 'D5', 'kosong', '2025-07-26 05:44:08', '2025-07-26 05:44:08'),
(381, 20, 'A1', 'kosong', '2025-07-26 05:44:08', '2025-07-26 05:44:08'),
(382, 20, 'A2', 'kosong', '2025-07-26 05:44:08', '2025-07-26 05:44:08'),
(383, 20, 'A3', 'kosong', '2025-07-26 05:44:08', '2025-07-26 05:44:08'),
(384, 20, 'A4', 'kosong', '2025-07-26 05:44:08', '2025-07-26 05:44:08'),
(385, 20, 'A5', 'kosong', '2025-07-26 05:44:08', '2025-07-26 05:44:08'),
(386, 20, 'B1', 'kosong', '2025-07-26 05:44:08', '2025-07-26 05:44:08'),
(387, 20, 'B2', 'kosong', '2025-07-26 05:44:08', '2025-07-26 05:44:08'),
(388, 20, 'B3', 'kosong', '2025-07-26 05:44:08', '2025-07-26 05:44:08'),
(389, 20, 'B4', 'kosong', '2025-07-26 05:44:08', '2025-07-26 05:44:08'),
(390, 20, 'B5', 'kosong', '2025-07-26 05:44:08', '2025-07-26 05:44:08'),
(391, 20, 'C1', 'kosong', '2025-07-26 05:44:08', '2025-07-26 05:44:08'),
(392, 20, 'C2', 'kosong', '2025-07-26 05:44:08', '2025-07-26 05:44:08'),
(393, 20, 'C3', 'kosong', '2025-07-26 05:44:08', '2025-07-26 05:44:08'),
(394, 20, 'C4', 'kosong', '2025-07-26 05:44:08', '2025-07-26 05:44:08'),
(395, 20, 'C5', 'kosong', '2025-07-26 05:44:08', '2025-07-26 05:44:08'),
(396, 20, 'D1', 'kosong', '2025-07-26 05:44:08', '2025-07-26 05:44:08'),
(397, 20, 'D2', 'kosong', '2025-07-26 05:44:08', '2025-07-26 05:44:08'),
(398, 20, 'D3', 'kosong', '2025-07-26 05:44:08', '2025-07-26 05:44:08'),
(399, 20, 'D4', 'kosong', '2025-07-26 05:44:08', '2025-07-26 05:44:08'),
(400, 20, 'D5', 'kosong', '2025-07-26 05:44:08', '2025-07-26 05:44:08');

-- --------------------------------------------------------

--
-- Struktur dari tabel `showtimes`
--

CREATE TABLE `showtimes` (
  `id` bigint(20) UNSIGNED NOT NULL,
  `movies_id` bigint(20) UNSIGNED NOT NULL,
  `theaters_id` bigint(20) UNSIGNED NOT NULL,
  `jam_tayang` time NOT NULL,
  `created_at` timestamp NULL DEFAULT NULL,
  `updated_at` timestamp NULL DEFAULT NULL
) ENGINE=InnoDB DEFAULT CHARSET=utf8mb4 COLLATE=utf8mb4_unicode_ci;

--
-- Dumping data untuk tabel `showtimes`
--

INSERT INTO `showtimes` (`id`, `movies_id`, `theaters_id`, `jam_tayang`, `created_at`, `updated_at`) VALUES
(1, 1, 1, '10:00:00', '2025-07-20 23:24:35', '2025-07-20 23:24:35'),
(2, 2, 1, '12:00:00', '2025-07-21 01:20:57', '2025-07-21 01:20:57'),
(3, 3, 1, '13:00:00', '2025-07-21 01:21:11', '2025-07-21 01:21:11'),
(4, 4, 1, '16:00:00', '2025-07-21 01:21:35', '2025-07-21 01:21:35'),
(5, 5, 1, '18:00:00', '2025-07-21 01:28:51', '2025-07-21 01:28:51'),
(6, 6, 1, '20:00:00', '2025-07-21 01:29:35', '2025-07-21 01:29:35'),
(7, 1, 2, '10:00:00', '2025-07-21 01:29:45', '2025-07-21 01:29:45'),
(8, 2, 2, '12:00:00', '2025-07-21 01:30:01', '2025-07-21 01:30:01'),
(9, 3, 2, '13:00:00', '2025-07-21 01:31:16', '2025-07-21 01:31:16'),
(10, 4, 2, '16:00:00', '2025-07-21 01:31:33', '2025-07-21 01:31:33'),
(11, 5, 2, '18:00:00', '2025-07-21 01:45:21', '2025-07-21 01:45:21'),
(12, 6, 2, '20:00:00', '2025-07-21 01:45:39', '2025-07-21 01:45:39'),
(13, 7, 3, '10:00:00', '2025-07-21 05:02:18', '2025-07-21 05:02:18'),
(14, 8, 3, '12:00:00', '2025-07-21 05:02:28', '2025-07-21 05:02:28'),
(15, 9, 3, '13:00:00', '2025-07-21 01:20:57', '2025-07-21 01:20:57'),
(16, 10, 3, '16:00:00', '2025-07-21 05:24:20', '2025-07-21 05:24:20'),
(17, 7, 4, '10:00:00', '2025-07-21 05:24:31', '2025-07-21 05:24:31'),
(18, 8, 4, '12:00:00', '2025-07-21 05:24:41', '2025-07-21 05:24:41'),
(19, 9, 4, '13:00:00', '2025-07-21 05:25:10', '2025-07-21 05:25:10'),
(20, 10, 4, '16:00:00', '2025-07-21 05:25:29', '2025-07-21 05:25:29');

-- --------------------------------------------------------

--
-- Struktur dari tabel `theaters`
--

CREATE TABLE `theaters` (
  `id` bigint(20) UNSIGNED NOT NULL,
  `nama` varchar(191) NOT NULL,
  `created_at` timestamp NULL DEFAULT NULL,
  `updated_at` timestamp NULL DEFAULT NULL
) ENGINE=InnoDB DEFAULT CHARSET=utf8mb4 COLLATE=utf8mb4_unicode_ci;

--
-- Dumping data untuk tabel `theaters`
--

INSERT INTO `theaters` (`id`, `nama`, `created_at`, `updated_at`) VALUES
(1, 'Theater 1', '2025-07-20 23:00:44', '2025-07-20 23:00:44'),
(2, 'Theater 2', '2025-07-20 23:19:39', '2025-07-20 23:19:39'),
(3, 'Theater 3', '2025-07-20 23:19:44', '2025-07-20 23:19:44'),
(4, 'Theater 4', '2025-07-21 01:19:53', '2025-07-21 01:19:53');

-- --------------------------------------------------------

--
-- Struktur dari tabel `users`
--

CREATE TABLE `users` (
  `id` bigint(20) UNSIGNED NOT NULL,
  `name` varchar(191) NOT NULL,
  `email` varchar(191) NOT NULL,
  `email_verified_at` timestamp NULL DEFAULT NULL,
  `password` varchar(191) NOT NULL,
  `remember_token` varchar(100) DEFAULT NULL,
  `created_at` timestamp NULL DEFAULT NULL,
  `updated_at` timestamp NULL DEFAULT NULL
) ENGINE=InnoDB DEFAULT CHARSET=utf8mb4 COLLATE=utf8mb4_unicode_ci;

--
-- Dumping data untuk tabel `users`
--

INSERT INTO `users` (`id`, `name`, `email`, `email_verified_at`, `password`, `remember_token`, `created_at`, `updated_at`) VALUES
(1, 'lala', 'lala@gmail.com', NULL, '$2y$12$XJ70q2NZzVka7JugE82oP.9sSIA3u1Ovu/yInOX9cWx.7iLURnYDe', NULL, '2025-07-20 22:14:21', '2025-07-20 22:14:21');

--
-- Indexes for dumped tables
--

--
-- Indeks untuk tabel `bookings`
--
ALTER TABLE `bookings`
  ADD PRIMARY KEY (`id`),
  ADD UNIQUE KEY `bookings_booking_code_unique` (`booking_code`),
  ADD KEY `bookings_user_id_foreign` (`user_id`),
  ADD KEY `bookings_showtimes_id_foreign` (`showtimes_id`);

--
-- Indeks untuk tabel `failed_jobs`
--
ALTER TABLE `failed_jobs`
  ADD PRIMARY KEY (`id`),
  ADD UNIQUE KEY `failed_jobs_uuid_unique` (`uuid`);

--
-- Indeks untuk tabel `migrations`
--
ALTER TABLE `migrations`
  ADD PRIMARY KEY (`id`);

--
-- Indeks untuk tabel `movies`
--
ALTER TABLE `movies`
  ADD PRIMARY KEY (`id`);

--
-- Indeks untuk tabel `password_reset_tokens`
--
ALTER TABLE `password_reset_tokens`
  ADD PRIMARY KEY (`email`);

--
-- Indeks untuk tabel `payments`
--
ALTER TABLE `payments`
  ADD PRIMARY KEY (`id`),
  ADD UNIQUE KEY `payments_booking_id_unique` (`booking_id`),
  ADD UNIQUE KEY `payments_order_id_unique` (`order_id`);

--
-- Indeks untuk tabel `personal_access_tokens`
--
ALTER TABLE `personal_access_tokens`
  ADD PRIMARY KEY (`id`),
  ADD UNIQUE KEY `personal_access_tokens_token_unique` (`token`),
  ADD KEY `personal_access_tokens_tokenable_type_tokenable_id_index` (`tokenable_type`,`tokenable_id`);

--
-- Indeks untuk tabel `seats`
--
ALTER TABLE `seats`
  ADD PRIMARY KEY (`id`),
  ADD KEY `seats_showtimes_id_foreign` (`showtimes_id`);

--
-- Indeks untuk tabel `showtimes`
--
ALTER TABLE `showtimes`
  ADD PRIMARY KEY (`id`),
  ADD KEY `showtimes_movies_id_foreign` (`movies_id`),
  ADD KEY `showtimes_theaters_id_foreign` (`theaters_id`);

--
-- Indeks untuk tabel `theaters`
--
ALTER TABLE `theaters`
  ADD PRIMARY KEY (`id`);

--
-- Indeks untuk tabel `users`
--
ALTER TABLE `users`
  ADD PRIMARY KEY (`id`),
  ADD UNIQUE KEY `users_email_unique` (`email`);

--
-- AUTO_INCREMENT untuk tabel yang dibuang
--

--
-- AUTO_INCREMENT untuk tabel `bookings`
--
ALTER TABLE `bookings`
  MODIFY `id` bigint(20) UNSIGNED NOT NULL AUTO_INCREMENT, AUTO_INCREMENT=4;

--
-- AUTO_INCREMENT untuk tabel `failed_jobs`
--
ALTER TABLE `failed_jobs`
  MODIFY `id` bigint(20) UNSIGNED NOT NULL AUTO_INCREMENT;

--
-- AUTO_INCREMENT untuk tabel `migrations`
--
ALTER TABLE `migrations`
  MODIFY `id` int(10) UNSIGNED NOT NULL AUTO_INCREMENT, AUTO_INCREMENT=46;

--
-- AUTO_INCREMENT untuk tabel `movies`
--
ALTER TABLE `movies`
  MODIFY `id` bigint(20) UNSIGNED NOT NULL AUTO_INCREMENT, AUTO_INCREMENT=12;

--
-- AUTO_INCREMENT untuk tabel `payments`
--
ALTER TABLE `payments`
  MODIFY `id` bigint(20) UNSIGNED NOT NULL AUTO_INCREMENT;

--
-- AUTO_INCREMENT untuk tabel `personal_access_tokens`
--
ALTER TABLE `personal_access_tokens`
  MODIFY `id` bigint(20) UNSIGNED NOT NULL AUTO_INCREMENT, AUTO_INCREMENT=6;

--
-- AUTO_INCREMENT untuk tabel `seats`
--
ALTER TABLE `seats`
  MODIFY `id` bigint(20) UNSIGNED NOT NULL AUTO_INCREMENT, AUTO_INCREMENT=401;

--
-- AUTO_INCREMENT untuk tabel `showtimes`
--
ALTER TABLE `showtimes`
  MODIFY `id` bigint(20) UNSIGNED NOT NULL AUTO_INCREMENT, AUTO_INCREMENT=21;

--
-- AUTO_INCREMENT untuk tabel `theaters`
--
ALTER TABLE `theaters`
  MODIFY `id` bigint(20) UNSIGNED NOT NULL AUTO_INCREMENT, AUTO_INCREMENT=5;

--
-- AUTO_INCREMENT untuk tabel `users`
--
ALTER TABLE `users`
  MODIFY `id` bigint(20) UNSIGNED NOT NULL AUTO_INCREMENT, AUTO_INCREMENT=2;

--
-- Ketidakleluasaan untuk tabel pelimpahan (Dumped Tables)
--

--
-- Ketidakleluasaan untuk tabel `bookings`
--
ALTER TABLE `bookings`
  ADD CONSTRAINT `bookings_showtimes_id_foreign` FOREIGN KEY (`showtimes_id`) REFERENCES `showtimes` (`id`) ON DELETE CASCADE,
  ADD CONSTRAINT `bookings_user_id_foreign` FOREIGN KEY (`user_id`) REFERENCES `users` (`id`) ON DELETE CASCADE;

--
-- Ketidakleluasaan untuk tabel `payments`
--
ALTER TABLE `payments`
  ADD CONSTRAINT `payments_booking_id_foreign` FOREIGN KEY (`booking_id`) REFERENCES `bookings` (`id`) ON DELETE CASCADE;

--
-- Ketidakleluasaan untuk tabel `seats`
--
ALTER TABLE `seats`
  ADD CONSTRAINT `seats_showtimes_id_foreign` FOREIGN KEY (`showtimes_id`) REFERENCES `showtimes` (`id`) ON DELETE CASCADE;

--
-- Ketidakleluasaan untuk tabel `showtimes`
--
ALTER TABLE `showtimes`
  ADD CONSTRAINT `showtimes_movies_id_foreign` FOREIGN KEY (`movies_id`) REFERENCES `movies` (`id`) ON DELETE CASCADE,
  ADD CONSTRAINT `showtimes_theaters_id_foreign` FOREIGN KEY (`theaters_id`) REFERENCES `theaters` (`id`) ON DELETE CASCADE;
COMMIT;

/*!40101 SET CHARACTER_SET_CLIENT=@OLD_CHARACTER_SET_CLIENT */;
/*!40101 SET CHARACTER_SET_RESULTS=@OLD_CHARACTER_SET_RESULTS */;
/*!40101 SET COLLATION_CONNECTION=@OLD_COLLATION_CONNECTION */;
